product,homeProduct,lastRelease
DP1.10045.001,DP1.10098.001,RELEASE-2021
DP1.20197.001,DP1.20194.001,RELEASE-2021
DP1.20046.001,DP1.20271.001,RELEASE-2024
